Feature	RF_FeatureImportance	MeanAbsSHAP
PDGFRB	0.046061915227331544	0.024127201785557488
AGTR1	0.034999774096658366	0.015391036607678196
LYVE1	0.03353377227310069	0.017911084587336895
ZBTB16	0.030663965361267306	0.01194618880841149
TIMP2	0.030374654754217356	0.014191225178719293
TGFB3	0.029048809201731238	0.014065968870542855
HSPA4	0.028941130875751276	0.014225547011055538
DCN	0.027895931595086323	0.013486475686887468
GART	0.026760469786573697	0.014190498106445914
VWF	0.025274628471896144	0.00988063678890581
CLDN5	0.024791858719656487	0.014857667083581962
CD34	0.02282038244965114	0.014730757130815512
A2M	0.021775656977673474	0.009477959007351254
VEGFC	0.02071126616972998	0.00860159054750771
GIMAP8	0.020102111866364177	0.010628472871740822
TERT	0.016918312232354737	0.00784465418919044
GIMAP4	0.015938514206540053	0.007792499612897376
EZH2	0.015596580632644847	0.008677937884457304
ADH1B	0.014947681186477471	0.006593565141404625
CD93	0.013526349074773292	0.007866730762738595
PDGFRA	0.013465764645058791	0.00510921971523602
KLF2	0.013341345811597963	0.006881146059665766
ACTA2	0.012985357774840509	0.0062622136569772295
TEK	0.012405660327931362	0.009461135155217132
CFH	0.011693150985619549	0.005192868755892244
THBS1	0.011478371685074195	0.005157209294331282
CDH5	0.010952649256007157	0.0052858439394852415
GNG11	0.010549402669812885	0.007577153552172458
ICAM2	0.010353520064979867	0.008003290405524815
TGFBR2	0.010283662012802139	0.005455025375946785
GMFG	0.0099866926591477	0.004380809134825155
SPARC	0.009512816902720884	0.005824470868683372
TIMP3	0.009205845917913057	0.005365344728531803
F13A1	0.00920476972947599	0.006041981011049394
IL1R1	0.008954945572179605	0.0047414996658638985
LY86	0.00801464374267784	0.0041722587381978265
VCAM1	0.007935461326658962	0.00396254695321356
TCF3	0.007715256931104027	0.003108709246575059
REM1	0.0075673748533095775	0.0029136893574682457
FABP4	0.007320684099035144	0.004192765550429069
MEF2C	0.007243846763291246	0.003835235366537903
GNG2	0.007097553088286025	0.0030591559729537293
BRCA1	0.0067231055692539765	0.004462785398085471
AOC3	0.006675581856777148	0.0032447255138472594
ITGB2	0.006542468606312227	0.003376604179715284
C1QBP	0.006317974669671478	0.003353591924366915
STAB1	0.005834631398072986	0.0024376561472683796
SRGN	0.005832003845190372	0.0028739430773242294
ZEB1	0.005819760762766581	0.003430307497452736
ACADL	0.005711176740713682	0.0018121919161844938
LY96	0.0056417597363132045	0.002596247359151077
LRP1	0.005639302265252806	0.002177813333658023
TYROBP	0.0056251261327785115	0.002508489942666075
TNFRSF14	0.005382979154105898	0.00227567431357887
C1R	0.005359660204005715	0.002578797222261057
TLR5	0.005346168789373331	0.0019818408873645134
C1S	0.005260378423942098	0.001889698374782054
H2AFZ	0.005233973240676114	0.0017666272269887132
ALDH1A2	0.0051375239694071585	0.0023849062073926014
NCAM1	0.005113377028270976	0.0026764289285189907
CX3CR1	0.005026652995943892	0.002308045881755215
IGF1	0.004778900090681416	0.0019299831844019877
HLA-DMB	0.004580083269075875	0.00253549431447199
ABCG2	0.0044759214634191415	0.002474918393955342
CAV1	0.004417945134219919	0.004282907010460111
C1QA	0.004221830097445432	0.002245130674127376
ACOX2	0.0036644653893506984	0.002342773283927115
ETFDH	0.003154297166195867	0.0012130103181569474
NFKB1	0.003110408296179213	0.001532782477987098
KRT18	0.0030705282663440418	0.0011237111282860542
COMT	0.003017256611834726	0.001350998965706217
VIM	0.0029819575410073877	0.002890358127400236
CD81	0.0029455034210646917	0.0016884574253697591
SUCLG1	0.002874364757587619	0.00073529465910318
AOX1	0.002762459233492217	0.002231014239757453
PECAM1	0.002628169211248784	0.002523854109630663
NR1H4	0.0025878429306135514	0.0011510987251051744
H2AFX	0.002546814482423802	0.001577819032793278
ITGA10	0.0024972059156897894	0.001519815219009071
NRP1	0.002420985727411084	0.0022208403813343118
MYH11	0.0024143474015766377	0.0012771406503535555
ACACB	0.002197047786002786	0.0010597781270743885
RXRA	0.0020922246386786813	0.0008768842243253762
CSF1R	0.0020886222233024053	0.0024932548215100313
CDC42	0.002075735175539452	0.0011273699959527812
NRAS	0.002057498760162606	0.001505164428156584
CD14	0.002029318873043247	0.0009794911113295006
BCL6	0.0019602089083783376	0.0008059314965074187
C1orf162	0.0019515856618766	0.001172632711642075
GNG5	0.0017642924200037193	0.0009035475774798055
RBPJ	0.0017500491799413286	0.0005244942474531907
CD209	0.0017483540570829778	0.0013746690450361998
MMP2	0.001601999541136455	0.0011846544765534465
PLEK	0.0015881167722517256	0.0009845392601709284
P2RY12	0.0014637304728097988	0.0009099896705665602
TYK2	0.0014501489751385281	0.000636394099438205
SDC2	0.0014423859759616522	0.0008928832631704243
ACSS1	0.001437321062726187	0.0012831404666969316
ITGA8	0.0013878094660401779	0.0014740118242304802
ANXA5	0.001360109811753619	0.0011777273967777206
TRAF2	0.0013395785310840146	0.0008552458024752527
GNAI2	0.0013364249717746732	0.0012902431198555302
ITPR1	0.0012891465303739005	0.0012240010517855127
HMGCR	0.0012862564754726289	0.0007166854487834136
HADH	0.0012690775674771499	0.0007106545550175465
ANGPT1	0.0012223893948750753	0.0007123194310672157
GSTM1	0.0012208831382463296	0.0005961518723121752
COL1A2	0.0012015800555957464	0.0013989463300983693
FGF1	0.001171423978033309	0.0007231691491604662
IL33	0.001156598921629618	0.0011792454788753972
HGF	0.0011243090025666873	0.0006634693277063728
STAT1	0.0011227108547854502	0.000756235880950445
CTSG	0.0011152023764280994	0.0007429154216266216
CLTC	0.0010907500718953037	0.000818055504942994
MAPK1	0.001067941552208771	0.0005445979350753702
THPO	0.001044573503848047	0.0017998248399641423
CD33	0.0010316728719759903	0.0010722098929758068
VCL	0.0010031521264258485	0.0005589881904713112
NCF1	0.00098061002143309	0.0009938127729591881
PPIF	0.0009639039697924458	0.0020451356850151475
LAPTM5	0.0009535628247909709	0.0008562135874661912
SERPINF2	0.000951816839560006	0.0004972007863411705
PLCG1	0.0009326572102941719	0.0004042770257845394
ENO1	0.0009215014480824656	0.0007052261596668545
GSN	0.0009085129266451612	0.00054948925165913
NCOA1	0.0008948412460697068	0.0014965908662314853
MS4A6A	0.000880091828560446	0.0005314423285292781
PRKCA	0.0008776714731047322	0.0007350589663404873
CD55	0.000869392570909731	0.0006839487049704036
COL4A1	0.0008644333330287666	0.0008158173809772617
MKI67	0.0008557425125357626	0.0009844368711010233
RAB5A	0.0008289281974837172	0.0009208925610418904
CALM1	0.0008262841828316672	0.00044930136926213545
APP	0.000812049467208672	0.0008389777674001923
HDAC1	0.0007793028867974455	0.0004249729797186134
PON1	0.0007611757560059347	0.00026974142701890276
SHMT1	0.0007414023241117321	0.0005050895592283607
TXN	0.0007331494252905781	0.0004154499408952659
TRAF1	0.0006852383429657081	0.0005650517883965667
ENG	0.0006815001692496317	0.0015073063158132626
ACADVL	0.0006743228300767714	0.0004021236491181076
FASN	0.0006314652160575793	0.0003867010321328308
CD36	0.0006255109303485326	0.0012679661611200708
GSTM2	0.0005915696610910395	0.0005793871739140508
NFKBIA	0.0005732875992782371	0.00033933002599381105
GNA11	0.000559591220219177	0.0003914866561818779
SULT2A1	0.0005553767715991795	0.00027594045541277955
APOO	0.0005551163176795135	0.00039765661023666196
TNFRSF1A	0.0005543826871535343	0.0012963425028737578
CYB5A	0.0005492248124208351	0.00036411748565786387
ADRB2	0.0005449627801142771	0.00037956396698946677
MMP13	0.0005261974688627076	0.0002918222721265365
CD53	0.0005227541318114353	0.00048282423395183135
ACE	0.0005131659753069601	0.00047125115090378893
SLCO1A2	0.0005100780866529598	0.0005719840964662172
VLDLR	0.0005015107792396005	0.0003674398047635075
GIMAP5	0.0004913156020750035	0.0021719265102373344
ITIH3	0.0004912907668763165	0.00045866089925742065
FOXO1	0.00047327947699126794	0.0008000996141712508
IL1B	0.00047275469848967455	0.0004835342660053981
ACOX1	0.0004713327818171528	0.0005571962260801978
GZMB	0.0004597373794715221	0.00038786533997615225
RDX	0.0004260799129304474	0.0005222600351517525
CD1D	0.0004250880591862988	0.0003371896477405308
SMAD3	0.0004233650649696665	0.0003568234051094808
GATA2	0.00040469428409083895	0.0002573566852816511
RASA1	0.0004036840441884671	0.0003200493927255045
FLT1	0.0004003346356059317	0.000635439812260596
CYCS	0.0003993890725061968	0.0007269504729054783
ELN	0.00039041138852233856	0.00035291915080550804
SMAD4	0.0003857745063853355	0.000296556956711438
YWHAZ	0.0003723361369812536	0.000632935251220455
COL6A1	0.00037048154669891035	0.000505095826373167
PAK1	0.0003655781050105506	0.0003230859293158663
HDAC2	0.0003633795314484352	0.0004070076730385427
TFRC	0.00036284589168550054	0.0002090668131766436
GOT2	0.0003626497512075731	0.00022571801686863024
FGF7	0.0003606147843285363	0.00047775361111317556
MTHFR	0.00035933300541035693	0.00019772025360609725
FH	0.00035398698146901276	0.0005592826774182119
SERPINA5	0.00034281288179974765	0.0006561666768176537
PTEN	0.0003376471222936661	0.0005861377454645288
CR1	0.00032924405580110253	0.00039649656941645597
PDPK1	0.0003285050358879333	0.0004013760653191714
ARRB2	0.000324464365846016	0.0003320394793936971
LCN2	0.0003236084848809638	0.00027009413300585505
CTGF	0.000322927301391678	0.0008771865276255677
LOX	0.00031895441151366715	0.00036911362013988987
PIK3CB	0.00031081278769273855	0.0002886016896706066
H6PD	0.00030937137086020454	0.00023999053496793268
GNG7	0.0003080871980172417	0.0005860185664471671
NCOA2	0.000307159013571199	0.00021777262376051695
XPNPEP2	0.0003019890704104426	0.000260029261014899
CSF2	0.0002936626372953188	0.0001407529078238999
BIN1	0.0002903220757365378	0.00023890195788290474
ITGA9	0.00028565748084309183	0.00022707907985269877
UGT2B10	0.0002855816649178625	0.00028808873214073474
PIK3CD	0.00028412985317799715	0.0001906656267284652
CD276	0.00028266740509138167	0.00027766380269665674
ITGB5	0.0002636237403154837	0.000449973712273159
ARHGDIB	0.0002538518591025996	0.0003253003681861149
EPRS	0.0002532596207552973	0.00024155070050223834
COL3A1	0.00024397619970442758	0.0004517167703690264
MMP9	0.00024242480955833135	0.0001830616103601835
MAF	0.0002323286547358099	0.0003418008740333899
SYK	0.000229335915328279	0.00017909042394159696
TKT	0.00022099625074235892	0.0003243274756853866
IL27RA	0.000220840674080452	0.00016282963664917887
RHOB	0.00022026791501783387	0.0002690711176747558
ITGB1	0.0002146664675030642	0.0006505960448660546
GSTP1	0.0002035008527431122	0.0002231894417991311
IFNAR1	0.00020274749532080748	0.0005152462868977265
SMARCA4	0.00020095246704785724	0.000222050042904234
NGF	0.00019728742756662955	0.0004115347769684867
CSK	0.0001937861638097979	0.00017636586936511182
CDK2	0.00019126223623801132	0.0002834583869815102
TNFSF11	0.00018431437432579005	0.00019582350167309965
CAT	0.00018295975412920533	0.0006752896681189814
SLC35A2	0.00018292607996602577	0.0002097864280043767
SIRPA	0.00017012224271861656	0.0004559503602094022
P2RY13	0.00016810999280369242	0.00013347932421401088
CCND1	0.00016649966011771526	0.00015244597215352708
HSPA8	0.00015378321818476453	0.0007079128475655492
TJP1	0.00015250429832331663	0.0001365068023197484
YES1	0.00014154247998443873	0.0003059281455391168
CXCL6	0.0001414366028359102	0.0002217853346993267
CANX	0.00013568558639702244	0.00019255559895744383
AKT2	0.00013375628728041255	0.00015687112549284173
GNAI1	0.00012409442423017128	7.892263006377886e-05
ACTC1	0.0001222682081842957	0.0002686636515768081
HLA-G	0.00012085784874189976	0.0001832893185202469
TPI1	0.000118481991828127	9.73653487196226e-05
FPR1	0.00011693545271326459	0.0001382298612315976
CBFB	0.00011492873560320851	8.933206423730783e-05
DGAT2	0.00010237820357233858	0.0003906634250643404
IL11	9.720650831439367e-05	0.00017209534019668518
SAA4	9.088741093614271e-05	0.00011565088168304564
AGRN	8.910084340226324e-05	0.00010892670530883833
SELE	8.865721989040764e-05	0.0001270612142861552
CD68	8.838149087801493e-05	0.00011686191313147029
CD7	8.769752192723656e-05	0.00014198222866228184
APOB	8.664857906504127e-05	0.00010832190990459081
CBL	8.648319820278824e-05	0.00019491405349174524
IFIT3	8.641053570814173e-05	0.00025867389363864513
UBB	8.618085104265049e-05	0.00010415522760926138
ESR2	8.587574836608827e-05	0.00012373736120155926
CD200	8.585056978667436e-05	0.0001381809370241528
RUNX1	8.528707653750688e-05	0.00012397298268342207
PARP1	8.477458675826739e-05	0.00020807196693807705
PIK3R2	8.364754232808482e-05	0.00011173468958295897
LEPR	8.352830820192332e-05	0.00017496913356750016
SERPIND1	8.31769632540773e-05	0.0001037896155037337
RNASE2	8.289170364708965e-05	0.0001803144515100918
CPT2	8.244165459939108e-05	0.00031427917275240206
FN1	8.170846860919853e-05	0.00017766796829920192
MYOD1	8.165557437079659e-05	0.00013657233269597004
CYP2D6	7.951775598928662e-05	0.00017814945781700875
CD70	7.753021937893946e-05	0.00011927032622521976
CYP26A1	7.733571393900055e-05	0.0003565174953953736
HK1	7.441196273444448e-05	0.0001159193423356941
ANXA1	7.424548277211992e-05	0.00023865304866296644
TXNRD1	7.344379373676309e-05	0.00012680241362649674
STAT5B	7.247813256391714e-05	0.0001536318940311285
PRDM1	7.236284379808312e-05	0.00012706682474769278
ACO1	7.179700153573557e-05	8.66033934074709e-05
TNFRSF4	7.157379211459774e-05	0.00020263226514894027
MICB	7.133267352277175e-05	0.00017569477310742067
OAS1	7.027737776940649e-05	0.0001602243578160219
HABP2	6.969063116561332e-05	0.00013214130090118665
IL10	6.802320543373855e-05	0.00015301772801119918
F9	6.53649250013339e-05	0.00011187125785345786
CRP	6.479439940380346e-05	0.00010715060810498877
IRF4	6.458035693892066e-05	0.00013589552047938092
PTK2B	6.446753359579411e-05	8.870679172072185e-05
ENO3	6.427433890915394e-05	8.891948837235663e-05
LDHB	6.388265630601936e-05	0.0001802454029273527
TTR	6.371536517593536e-05	8.81908665149537e-05
PDGFB	6.342453479513815e-05	0.00018288962699379598
AIF1	6.183780479661016e-05	0.00018313707281710493
VCP	6.023996154848424e-05	8.2459304741846e-05
ANXA2	5.9639296271646806e-05	0.00017266968398129404
DDX58	5.291901331090446e-05	6.79838403237209e-05
PTGS2	5.255967182095975e-05	0.0001258518032464883
B3GAT1	5.2478873121662455e-05	7.41020806404459e-05
LGALS4	4.893936824439519e-05	9.27213787973134e-05
IL7R	4.3872068105526734e-05	8.768244040089481e-05
DLG4	4.040689229106213e-05	6.437239087467052e-05
GCK	4.040493526341177e-05	0.00016101099184454042
UGT2B11	3.824677741653968e-05	7.799993816562911e-05
CLEC10A	2.7516550394691305e-05	0.0002074499208045317
IKBKG	2.3720373950955982e-05	9.818729903080935e-05
AP2M1	2.329285443220799e-05	7.519284852296844e-05
C4BPA	2.1418655434122013e-05	4.134049451346486e-05
C6	2.0020889397772554e-05	0.0001060129453681485
NFE2L2	1.970195995503045e-05	0.00010607108324808239
KLRB1	1.8925683444389928e-05	0.0001712923535537218
POSTN	1.8667188128306007e-05	0.00020801437442424748
TNFRSF10A	1.8231340592783047e-05	7.496546370679614e-05
FCER1A	1.6614706281756354e-05	9.238577397596202e-05
PDHB	1.3760492755750298e-05	4.619799653260632e-05
DBNL	1.2465706672641365e-05	5.091345432656922e-05
HMGB1	1.2289398989699185e-05	8.251889922705943e-05
PCK2	1.1936118560254264e-05	0.00011868488061189972
ARRB1	5.374627285863487e-06	1.9063225292813285e-05
ISG15	5.355464228460242e-06	4.118654396739258e-05
ITGB3	5.349802361052778e-06	4.521798841961069e-05
PLAT	5.319017787790723e-06	9.536057103105055e-05
ID2	5.317643431179303e-06	5.1397347712111494e-05
ITGB4	5.300088644800088e-06	3.384542332849363e-05
AKR1B1	5.2271182789179736e-06	4.6613719817922244e-05
RHOC	5.22420457762611e-06	6.279298321707524e-05
THBS2	5.175427287071224e-06	8.373976580413936e-05
IKBKB	5.143802523111962e-06	4.777460591126786e-05
GP1BA	5.11512330990404e-06	3.954755836580062e-05
MB	5.107011672810385e-06	2.000110965290218e-05
IDH1	4.110095663074343e-06	3.270633184960061e-05
RGS1	4.035285364146708e-06	3.150137330734624e-05
ECH1	4.002375406560677e-06	3.663788965500314e-05
RAC1	3.979776454859234e-06	1.8411176919013907e-05
FGL2	3.887430574472885e-06	8.335163807798049e-05
HPX	3.864568788222229e-06	2.8369716369133588e-05
NR1H3	2.4669986133797607e-17	7.313406422634691e-20
TNFRSF11B	2.245306726534903e-17	9.470930181779181e-20
HMGCS2	1.5292334256342932e-17	6.732300502137887e-18
BST2	1.508077627803027e-17	1.5949010616593166e-20
HDAC3	1.287035730642755e-17	0.0
RHOA	1.2258596171429489e-17	1.237356747663843e-19
MAPK9	1.1831511778141389e-17	0.0
TIMP1	1.1801417992811644e-17	0.0
EP300	1.0615782257204716e-17	1.5956792301393145e-18
MYO1G	1.0614235688332869e-17	0.0
UGT1A1	1.0327878574537531e-17	0.0
ACTB	9.28657846206649e-18	7.478681144050164e-20
ILK	9.129438246993846e-18	9.625875233106187e-20
FCGR1A	8.548392603936376e-18	0.0
CALR	8.466690363225745e-18	0.0
CYP27A1	7.455515460435827e-18	1.2098660523350692e-18
DNM2	7.213822738253535e-18	3.242139118433533e-20
NAALADL1	6.798245869500678e-18	4.528665095718479e-19
PPP2CA	6.2997697738462066e-18	5.85485700614314e-20
KLRG1	5.957215127371063e-18	9.563346296837333e-19
PLA2G12B	5.910006461122121e-18	3.6250255563793797e-20
NKG7	5.706783232120771e-18	4.365180850451674e-19
GNPAT	5.596193106200709e-18	7.826446703695222e-19
TLR9	5.5719080882522826e-18	4.1410270095319383e-19
FYB	5.25147934378943e-18	1.6999056013319475e-18
SERPINB8	5.125695481095434e-18	0.0
WNT2	4.5603988455354485e-18	0.0
KDR	4.3130539273293645e-18	1.105804955863852e-18
TBL1X	3.69237351564406e-18	0.0
PARVG	3.5491770686509754e-18	0.0
HLA-DMA	3.496914454967419e-18	0.0
LIPC	3.2096839204431686e-18	2.3476447803460895e-18
MYH9	3.1724605024092624e-18	8.448706029824479e-19
C3	3.140829616436086e-18	2.6035175948841446e-18
SLC9A3R1	3.1277209261969556e-18	4.669286337856145e-19
HAO2	3.1059431379622798e-18	1.3057143724412828e-17
LDHAL6A	3.0579279325521703e-18	8.411216213850069e-18
FCGR2B	2.9504249277742e-18	0.0
TLR7	2.9497270380987428e-18	0.0
EPHA2	2.9455397831742643e-18	3.371838456064326e-18
PGR	2.9220596634179243e-18	3.7334182278410274e-19
TGFBR1	2.8885404351764078e-18	0.0
SP1	2.733591153205241e-18	2.1196207563665418e-18
CD226	2.6938839956521913e-18	0.0
CD8B	2.6869925044828163e-18	0.0
WNT3A	2.550674166600464e-18	0.0
STAT6	2.4918267010446097e-18	0.0
RAP1B	2.450962111555177e-18	1.2547105934124676e-18
IDE	5.013273422522913e-19	0.0
VEGFA	3.203222911496804e-19	4.832908312057463e-20
BDNF	2.2027377923678593e-19	9.121787332788993e-20
CD40LG	1.7606251732876052e-19	4.334329569120786e-20
ACTN1	0.0	0.0
ACOX3	0.0	0.0
HNF4A	0.0	0.0
HP	0.0	0.0
HPD	0.0	0.0
HRG	0.0	0.0
ICAM1	0.0	0.0
ICAM3	0.0	0.0
ACO2	0.0	0.0
NR0B2	0.0	0.0
NR1I2	0.0	0.0
OSM	0.0	0.0
OTC	0.0	0.0
ACLY	0.0	0.0
ACAN	0.0	0.0
P2RY8	0.0	0.0
PAH	0.0	0.0
MSR1	0.0	0.0
MTTP	0.0	0.0
MYO1F	0.0	0.0
ACADM	0.0	0.0
ABCG1	0.0	0.0
NR1I3	0.0	0.0
ITGAM	0.0	0.0
ITGAX	0.0	0.0
ITGAL	0.0	0.0
ITIH2	0.0	0.0
TNFRSF13B	0.0	0.0
TLR2	0.0	0.0
IFNG	0.0	0.0
IGFBP1	0.0	0.0
TLR10	0.0	0.0
IGSF6	0.0	0.0
TBX21	0.0	0.0
HLA-F	0.0	0.0
WAS	0.0	0.0
VTN	0.0	0.0
IKZF1	0.0	0.0
IL10RA	0.0	0.0
VAV1	0.0	0.0
UGT2B4	0.0	0.0
IL12RB1	0.0	0.0
IL16	0.0	0.0
UGT1A4	0.0	0.0
IL21R	0.0	0.0
TRAT1	0.0	0.0
ZAP70	0.0	0.0
LILRB2	0.0	0.0
LILRB3	0.0	0.0
PROC	0.0	0.0
PRF1	0.0	0.0
SERPINA4	0.0	0.0
LILRB4	0.0	0.0
LPA	0.0	0.0
SERPINA10	0.0	0.0
LTA	0.0	0.0
SERPINA6	0.0	0.0
SERPINA7	0.0	0.0
PLG	0.0	0.0
SH2D1A	0.0	0.0
SELPLG	0.0	0.0
SIGLEC1	0.0	0.0
SIGLEC7	0.0	0.0
SLAMF1	0.0	0.0
SELL	0.0	0.0
SLAMF6	0.0	0.0
RGS18	0.0	0.0
RHOH	0.0	0.0
SASH3	0.0	0.0
SAMSN1	0.0	0.0
SERPINC1	0.0	0.0
NCF2	0.0	0.0
PKLR	0.0	0.0
PIK3R5	0.0	0.0
NCF4	0.0	0.0
NCKAP1L	0.0	0.0
PIK3CG	0.0	0.0
PDCD1	0.0	0.0
NCR3	0.0	0.0
PCK1	0.0	0.0
RBP4	0.0	0.0
PTPRC	0.0	0.0
LILRB1	0.0	0.0
LY9	0.0	0.0
MAT1A	0.0	0.0
MBL2	0.0	0.0
PTPN22	0.0	0.0
MNDA	0.0	0.0
MPEG1	0.0	0.0
MS4A1	0.0	0.0
MS4A14	0.0	0.0
PSTPIP1	0.0	0.0
LCP1	0.0	0.0
LCP2	0.0	0.0
PROZ	0.0	0.0
LTB	0.0	0.0
F10	0.0	0.0
ITGA11	0.0	0.0
CLEC12A	0.0	0.0
AGT	0.0	0.0
CX3CL1	0.0	0.0
MAPT	0.0	0.0
NES	0.0	0.0
LCAT	0.0	0.0
SPP1	0.0	0.0
ABAT	0.0	0.0
IRAK1	0.0	0.0
THBD	0.0	0.0
HSP90AB1	0.0	0.0
TLR4	0.0	0.0
TLR8	0.0	0.0
GJA1	0.0	0.0
CASP3	0.0	0.0
LRP2	0.0	0.0
TP53	0.0	0.0
F5	0.0	0.0
F7	0.0	0.0
FAH	0.0	0.0
FCER1G	0.0	0.0
FCGR3A	0.0	0.0
FERMT3	0.0	0.0
FETUB	0.0	0.0
DOCK2	0.0	0.0
DOCK8	0.0	0.0
DOK2	0.0	0.0
ECHS1	0.0	0.0
CDH1	0.0	0.0
CD69	0.0	0.0
CD79A	0.0	0.0
CD84	0.0	0.0
CD244	0.0	0.0
CD247	0.0	0.0
CD27	0.0	0.0
CD28	0.0	0.0
CD300A	0.0	0.0
CD300C	0.0	0.0
CD3E	0.0	0.0
CCR1	0.0	0.0
CCR2	0.0	0.0
CCR7	0.0	0.0
CD19	0.0	0.0
CLEC9A	0.0	0.0
CD1E	0.0	0.0
CD2	0.0	0.0
CD200R1	0.0	0.0
CLEC4A	0.0	0.0
CLEC4E	0.0	0.0
CLEC7A	0.0	0.0
CORO1A	0.0	0.0
CPB2	0.0	0.0
CREB3L3	0.0	0.0
CRKL	0.0	0.0
CSF2RA	0.0	0.0
PCSK9	0.0	0.0
DNM1	0.0	0.0
EPOR	0.0	0.0
PPARGC1A	0.0	0.0
CD1C	0.0	0.0
HCST	0.0	0.0
HK3	0.0	0.0
GLUD1	0.0	0.0
GNGT2	0.0	0.0
GNLY	0.0	0.0
GPT	0.0	0.0
GRAP2	0.0	0.0
GSTA1	0.0	0.0
GSTA2	0.0	0.0
GYS2	0.0	0.0
FGA	0.0	0.0
FGB	0.0	0.0
FGG	0.0	0.0
FGL1	0.0	0.0
EHHADH	0.0	0.0
G6PC	0.0	0.0
GC	0.0	0.0
GFI1	0.0	0.0
ITIH4	0.0	0.0
ITK	0.0	0.0
KLRC1	0.0	0.0
KLRD1	0.0	0.0
KNG1	0.0	0.0
LAG3	0.0	0.0
LAIR1	0.0	0.0
LAT	0.0	0.0
IL2RA	0.0	0.0
IL2RB	0.0	0.0
IRF8	0.0	0.0
ITGA2	0.0	0.0
FLT3	0.0	0.0
EOMES	0.0	0.0
F11	0.0	0.0
F13B	0.0	0.0
CYP2C8	0.0	0.0
CYP3A4	0.0	0.0
CYP3A7	0.0	0.0
CYP4A11	0.0	0.0
CYP4A22	0.0	0.0
CYP4F2	0.0	0.0
CYP8B1	0.0	0.0
DECR2	0.0	0.0
CST7	0.0	0.0
CTLA4	0.0	0.0
CXCL13	0.0	0.0
HCLS1	0.0	0.0
CXCR3	0.0	0.0
CXCR4	0.0	0.0
CXCR6	0.0	0.0
CYP2C19	0.0	0.0
HLA-DOB	0.0	0.0
HLA-DPB1	0.0	0.0
HLA-DQA1	0.0	0.0
HLA-DQB1	0.0	0.0
HLA-DQB2	0.0	0.0
HLA-DRB1	0.0	0.0
HLA-DRB5	0.0	0.0
GZMA	0.0	0.0
GZMH	0.0	0.0
GZMK	0.0	0.0
HAO1	0.0	0.0
CXCL9	0.0	0.0
IL12A	0.0	0.0
IL17RA	0.0	0.0
IL18	0.0	0.0
IL23R	0.0	0.0
IL4R	0.0	0.0
IL6	0.0	0.0
OASL	0.0	0.0
OCLN	0.0	0.0
OGDH	0.0	0.0
ORM1	0.0	0.0
P4HB	0.0	0.0
PEX3	0.0	0.0
PEX5	0.0	0.0
MUC1	0.0	0.0
ANGPT2	0.0	0.0
NCOR1	0.0	0.0
NCOR2	0.0	0.0
NFKB2	0.0	0.0
NME4	0.0	0.0
NOD2	0.0	0.0
MBP	0.0	0.0
MCL1	0.0	0.0
MDM2	0.0	0.0
MERTK	0.0	0.0
MIF	0.0	0.0
MLLT4	0.0	0.0
MMP3	0.0	0.0
MOG	0.0	0.0
MADCAM1	0.0	0.0
MAP2K1	0.0	0.0
MX2	0.0	0.0
GATA3	0.0	0.0
GATA4	0.0	0.0
GDNF	0.0	0.0
GLUL	0.0	0.0
GNA13	0.0	0.0
GNB2L1	0.0	0.0
LDHC	0.0	0.0
LEF1	0.0	0.0
LEP	0.0	0.0
LGMN	0.0	0.0
LIF	0.0	0.0
LIPE	0.0	0.0
LYN	0.0	0.0
KIR2DL3	0.0	0.0
IFNB1	0.0	0.0
KIR3DL1	0.0	0.0
KLF4	0.0	0.0
KLRC2	0.0	0.0
KLRF1	0.0	0.0
KMO	0.0	0.0
LAP3	0.0	0.0
IL6R	0.0	0.0
INPPL1	0.0	0.0
IRF3	0.0	0.0
IRF7	0.0	0.0
IRS1	0.0	0.0
ITGA6	0.0	0.0
ITGAE	0.0	0.0
KEAP1	0.0	0.0
IFNAR2	0.0	0.0
KIR2DL4	0.0	0.0
S100A12	0.0	0.0
SREBF2	0.0	0.0
UBE2I	0.0	0.0
UGT1A10	0.0	0.0
UGT1A6	0.0	0.0
UGT1A7	0.0	0.0
UGT1A8	0.0	0.0
HMGCL	0.0	0.0
IFIT1	0.0	0.0
RAF1	0.0	0.0
TMPRSS6	0.0	0.0
TNF	0.0	0.0
TNFRSF25	0.0	0.0
TNFSF4	0.0	0.0
MAP2K2	0.0	0.0
TRAF6	0.0	0.0
TREM1	0.0	0.0
TYR	0.0	0.0
SUCLG2	0.0	0.0
SULT1A1	0.0	0.0
TAT	0.0	0.0
TCF7	0.0	0.0
TF	0.0	0.0
TIAM1	0.0	0.0
C4A	0.0	0.0
CLU	0.0	0.0
LRRK2	0.0	0.0
SOCS3	0.0	0.0
SOD2	0.0	0.0
SOS1	0.0	0.0
TNFSF9	0.0	0.0
MAP2K7	0.0	0.0
MAPK12	0.0	0.0
MAPK14	0.0	0.0
MARCO	0.0	0.0
VAV3	0.0	0.0
VDR	0.0	0.0
WNT1	0.0	0.0
WNT5A	0.0	0.0
XCR1	0.0	0.0
FGF2	0.0	0.0
HGD	0.0	0.0
SHH	0.0	0.0
SKAP1	0.0	0.0
SLC22A18	0.0	0.0
RSAD2	0.0	0.0
UGT2B15	0.0	0.0
UGT2B28	0.0	0.0
VASP	0.0	0.0
VAV2	0.0	0.0
SAR1B	0.0	0.0
SCARB1	0.0	0.0
SDHA	0.0	0.0
SERPINA11	0.0	0.0
SERPINB2	0.0	0.0
SERPINB7	0.0	0.0
SERPINE1	0.0	0.0
SHC1	0.0	0.0
REL	0.0	0.0
RELB	0.0	0.0
REN	0.0	0.0
SMAD2	0.0	0.0
NLRP3	0.0	0.0
AR	0.0	0.0
BGN	0.0	0.0
ACTN4	0.0	0.0
ADAM10	0.0	0.0
ADH5	0.0	0.0
ADIPOQ	0.0	0.0
AHR	0.0	0.0
SERPING1	0.0	0.0
BMP4	0.0	0.0
CD83	0.0	0.0
CDKN2A	0.0	0.0
CEACAM8	0.0	0.0
CEBPA	0.0	0.0
GAD2	0.0	0.0
CFTR	0.0	0.0
CLEC5A	0.0	0.0
CLTA	0.0	0.0
CCL20	0.0	0.0
CCL24	0.0	0.0
CCL25	0.0	0.0
CCL3L3	0.0	0.0
CCR9	0.0	0.0
CD160	0.0	0.0
CD1A	0.0	0.0
CD46	0.0	0.0
CAMP	0.0	0.0
CASP8	0.0	0.0
CASP9	0.0	0.0
CCL11	0.0	0.0
CES1	0.0	0.0
TNFRSF9	0.0	0.0
TNFSF8	0.0	0.0
SLAMF7	0.0	0.0
SLAMF8	0.0	0.0
SLC10A1	0.0	0.0
SLCO1B1	0.0	0.0
SPI1	0.0	0.0
SPN	0.0	0.0
SPP2	0.0	0.0
TAGAP	0.0	0.0
ALDH3A2	0.0	0.0
ALDH9A1	0.0	0.0
ALDOA	0.0	0.0
ALK	0.0	0.0
IL3RA	0.0	0.0
AP2A1	0.0	0.0
AP2A2	0.0	0.0
AP2B1	0.0	0.0
CD63	0.0	0.0
CYP1B1	0.0	0.0
ENTPD1	0.0	0.0
GNAQ	0.0	0.0
GNB5	0.0	0.0
INSR	0.0	0.0
JUN	0.0	0.0
ALDH2	0.0	0.0
COL5A1	0.0	0.0
FYN	0.0	0.0
COL4A2	0.0	0.0
ETS1	0.0	0.0
CD6	0.0	0.0
CP	0.0	0.0
CPT1A	0.0	0.0
CREB1	0.0	0.0
CREBBP	0.0	0.0
CRK	0.0	0.0
CRYGC	0.0	0.0
CSF3	0.0	0.0
GYS1	0.0	0.0
HIF1A	0.0	0.0
HLA-C	0.0	0.0
HMOX1	0.0	0.0
HRAS	0.0	0.0
HSD3B2	0.0	0.0
HSP90B1	0.0	0.0
CCL17	0.0	0.0
NR3C1	0.0	0.0
ITGA1	0.0	0.0
F12	0.0	0.0
COL18A1	0.0	0.0
CETP	0.0	0.0
TGFB2	0.0	0.0
GRB2	0.0	0.0
GYPA	0.0	0.0
GNG10	0.0	0.0
GNG8	0.0	0.0
GP6	0.0	0.0
GPD2	0.0	0.0
MCAM	0.0	0.0
MDH2	0.0	0.0
G6PD	0.0	0.0
IFNA21	0.0	0.0
CCL18	0.0	0.0
ARF6	0.0	0.0
ARHGEF7	0.0	0.0
ATP12A	0.0	0.0
AVP	0.0	0.0
AZGP1	0.0	0.0
BCL10	0.0	0.0
BCL2L1	0.0	0.0
BGLAP	0.0	0.0
EGF	0.0	0.0
EPHX2	0.0	0.0
F3	0.0	0.0
FCER2	0.0	0.0
FCGR3B	0.0	0.0
COL2A1	0.0	0.0
CYP19A1	0.0	0.0
CYP1A1	0.0	0.0
CYP1A2	0.0	0.0
CYP2A13	0.0	0.0
DDIT3	0.0	0.0
DHX58	0.0	0.0
DNTT	0.0	0.0
CTNNB1	0.0	0.0
CTNND1	0.0	0.0
CTTN	0.0	0.0
CXCL1	0.0	0.0
CXCL14	0.0	0.0
CXCL2	0.0	0.0
CXCL5	0.0	0.0
CYP17A1	0.0	0.0
FURIN	0.0	0.0
CCL2	0.0	0.0
ICOS	0.0	0.0
IKZF3	0.0	0.0
IL2RG	0.0	0.0
INPP5D	0.0	0.0
SIGLEC9	0.0	0.0
PLA2G4A	0.0	0.0
UBC	0.0	0.0
KRT19	0.0	0.0
SYP	0.0	0.0
ABCA1	0.0	0.0
ACSM3	0.0	0.0
GNAS	0.0	0.0
CD38	0.0	0.0
APCS	0.0	0.0
IRF1	0.0	0.0
C5	0.0	0.0
IFNGR1	0.0	0.0
APOC1	0.0	0.0
NOTCH2	0.0	0.0
PSMB8	0.0	0.0
SH3GL2	0.0	0.0
NOTCH1	0.0	0.0
PTGS1	0.0	0.0
PTK2	0.0	0.0
PXN	0.0	0.0
SOD1	0.0	0.0
STAT5A	0.0	0.0
UBA52	0.0	0.0
ARG2	0.0	0.0
CTSB	0.0	0.0
PIPOX	0.0	0.0
KRAS	0.0	0.0
POU5F1	0.0	0.0
GSR	0.0	0.0
HMGCS1	0.0	0.0
IGFBP3	0.0	0.0
IL1RN	0.0	0.0
INS	0.0	0.0
IRF5	0.0	0.0
MICA	0.0	0.0
SLC2A4	0.0	0.0
TALDO1	0.0	0.0
WASL	0.0	0.0
YWHAB	0.0	0.0
KITLG	0.0	0.0
CRAT	0.0	0.0
GNB3	0.0	0.0
FOS	0.0	0.0
GAPDH	0.0	0.0
NGFR	0.0	0.0
RETN	0.0	0.0
RUNX2	0.0	0.0
SDHC	0.0	0.0
SERPINA1	0.0	0.0
TLR1	0.0	0.0
ATM	0.0	0.0
CDH17	0.0	0.0
DLAT	0.0	0.0
EDN1	0.0	0.0
ESR1	0.0	0.0
KLKB1	0.0	0.0
PSMB9	0.0	0.0
SCP2	0.0	0.0
TLR6	0.0	0.0
TNFRSF8	0.0	0.0
ACSL5	0.0	0.0
ACSS2	0.0	0.0
AP2S1	0.0	0.0
CNR1	0.0	0.0
PPP1CA	0.0	0.0
KIT	0.0	0.0
SDHB	0.0	0.0
AGXT2	0.0	0.0
ANG	0.0	0.0
CYP2C18	0.0	0.0
FGF19	0.0	0.0
CARM1	0.0	0.0
PIK3R1	0.0	0.0
RAC3	0.0	0.0
PPIG	0.0	0.0
ERBB3	0.0	0.0
ALOX5	0.0	0.0
ACTR2	0.0	0.0
PHGDH	0.0	0.0
SIRT1	0.0	0.0
ACAA1	0.0	0.0
MSN	0.0	0.0
MYC	0.0	0.0
VDAC1	0.0	0.0
PDPN	0.0	0.0
PROM1	0.0	0.0
JAK1	0.0	0.0
FGF8	0.0	0.0
GNG4	0.0	0.0
GSTM3	0.0	0.0
IFIT2	0.0	0.0
IRF9	0.0	0.0
MATK	0.0	0.0
NANOG	0.0	0.0
GBP1	0.0	0.0
MAP4K1	0.0	0.0
ACTA1	0.0	0.0
AKT1	0.0	0.0
ALDH7A1	0.0	0.0
CD24	0.0	0.0
CD47	0.0	0.0
CR2	0.0	0.0
EVI2B	0.0	0.0
NCK2	0.0	0.0
RPS27A	0.0	0.0
SRC	0.0	0.0
STAT3	0.0	0.0
TM4SF4	0.0	0.0
CASP1	0.0	0.0
SLC2A2	0.0	0.0
ACTG1	0.0	0.0
ADAM17	0.0	0.0
ARF1	0.0	0.0
CD22	0.0	0.0
CD9	0.0	0.0
GAB2	0.0	0.0
GATA1	0.0	0.0
F2R	0.0	0.0
IQGAP1	0.0	0.0
PIK3R3	0.0	0.0
PLA2G2A	0.0	0.0
PLA2G7	0.0	0.0
PLTP	0.0	0.0
S100A4	0.0	0.0
PTPRJ	0.0	0.0
SDC4	0.0	0.0
SLC10A2	0.0	0.0
SLC11A1	0.0	0.0
SNCA	0.0	0.0
TSLP	0.0	0.0
EGFR	0.0	0.0
JAK2	0.0	0.0
GPT2	0.0	0.0
LCK	0.0	0.0
IGF2	0.0	0.0
LDHA	0.0	0.0
MDH1	0.0	0.0
NF1	0.0	0.0
NFATC1	0.0	0.0
PAK2	0.0	0.0
GOT1	0.0	0.0
MS4A4A	0.0	0.0
NLRC4	0.0	0.0
UGT2B7	0.0	0.0
ALDH1A3	0.0	0.0
CFL1	0.0	0.0
CHUK	0.0	0.0
EGR1	0.0	0.0
HSPA9	0.0	0.0
IGF1R	0.0	0.0
FGFR1	0.0	0.0
ITGA7	0.0	0.0
AKT3	0.0	0.0
POMC	0.0	0.0
PRL	0.0	0.0
PRTN3	0.0	0.0
PSEN1	0.0	0.0
PTPN1	0.0	0.0
PTPN11	0.0	0.0
PVR	0.0	0.0
RAB11A	0.0	0.0
YWHAE	0.0	0.0
HPRT1	0.0	0.0
VCAN	0.0	0.0
PIK3CA	0.0	0.0
SHMT2	0.0	0.0
CXCL12	0.0	0.0
ACAT2	0.0	0.0
HSPG2	0.0	0.0
PRKACG	0.0	0.0
POR	0.0	0.0
PPBP	0.0	0.0
PPP2R1A	0.0	0.0
PRKACA	0.0	0.0
CD59	0.0	0.0
DPYD	0.0	0.0
HSPD1	0.0	0.0
THY1	0.0	0.0
PGM1	0.0	0.0
PIK3C3	0.0	0.0
COL1A1	0.0	0.0
PNPLA2	0.0	0.0
UCHL1	0.0	0.0
GAB1	0.0	0.0
GNB4	0.0	0.0
NOS3	0.0	0.0
CEACAM5	0.0	0.0
DLD	0.0	0.0
EPHX1	0.0	0.0
ERBB4	0.0	0.0
GNAI3	0.0	0.0
S100A8	0.0	0.0
PECR	0.0	0.0
PLAUR	0.0	0.0
GFAP	0.0	0.0
CDH2	0.0	0.0
ETFA	0.0	0.0
FGR	0.0	0.0
GBP5	0.0	0.0
SOX2	0.0	0.0
MAPK3	0.0	0.0
ENO2	0.0	0.0
TLR3	0.0	0.0
PRKCZ	0.0	0.0
SLC2A1	0.0	0.0
APOA2	0.0	0.0
CSF1	0.0	0.0
RORC	0.0	0.0
SUMO1	0.0	0.0
TBK1	0.0	0.0
TRAF3	0.0	0.0
GNAO1	0.0	0.0
PRKACB	0.0	0.0
ACAA2	0.0	0.0
CD3D	0.0	0.0
CD48	0.0	0.0
CXCL10	0.0	0.0
GSTO1	0.0	0.0
ITGA3	0.0	0.0
NCK1	0.0	0.0
NTRK1	0.0	0.0
PGF	0.0	0.0
PLA2G1B	0.0	0.0
PYGL	0.0	0.0
HAAO	0.0	0.0
VSIG4	0.0	0.0
ALDH1A1	0.0	0.0
TBP	0.0	0.0
ANGPTL4	0.0	0.0
BMP2	0.0	0.0
CD40	0.0	0.0
GCG	0.0	0.0
MMP1	0.0	0.0
LDLR	0.0	0.0
MAP3K5	0.0	0.0
PRKCD	0.0	0.0
RASGRP1	0.0	0.0
PGK1	0.0	0.0
HGFAC	0.0	0.0
ADORA3	0.0	0.0
OAS2	0.0	0.0
IFIH1	0.0	0.0
GPC1	0.0	0.0
AMACR	0.0	0.0
MLYCD	0.0	0.0
ALDH1B1	0.0	0.0
AQP9	0.0	0.0
CCL21	0.0	0.0
CD274	0.0	0.0
DGAT1	0.0	0.0
GAD1	0.0	0.0
SREBF1	0.0	0.0
CCL8	0.0	0.0
CSF3R	0.0	0.0
CYP2C9	0.0	0.0
HAVCR2	0.0	0.0
HLA-DPA1	0.0	0.0
IL18RAP	0.0	0.0
RAP1A	0.0	0.0
ALDOC	0.0	0.0
CYBA	0.0	0.0
DBI	0.0	0.0
HSPA1A	0.0	0.0
PRKCQ	0.0	0.0
RPS6KB1	0.0	0.0
SAA1	0.0	0.0
AFM	0.0	0.0
AGXT	0.0	0.0
AHSG	0.0	0.0
AIM2	0.0	0.0
AKR1D1	0.0	0.0
ALB	0.0	0.0
ALDH6A1	0.0	0.0
ALDH8A1	0.0	0.0
KLRK1	0.0	0.0
SLA	0.0	0.0
PDGFA	0.0	0.0
SCD	0.0	0.0
SERPINB5	0.0	0.0
NCOA6	0.0	0.0
F11R	0.0	0.0
TLN1	0.0	0.0
DPP4	0.0	0.0
FLNA	0.0	0.0
FUT4	0.0	0.0
HSP90AA1	0.0	0.0
JAG1	0.0	0.0
MET	0.0	0.0
MMP14	0.0	0.0
CXCR5	0.0	0.0
SNAI2	0.0	0.0
SOX9	0.0	0.0
ARHGAP9	0.0	0.0
C1QB	0.0	0.0
C1QC	0.0	0.0
ACTR3	0.0	0.0
BCAR1	0.0	0.0
CS	0.0	0.0
GNB1	0.0	0.0
IRS2	0.0	0.0
MAP3K7	0.0	0.0
NOX1	0.0	0.0
PVRL2	0.0	0.0
ACADS	0.0	0.0
CD37	0.0	0.0
NOD1	0.0	0.0
BIRC3	0.0	0.0
BLK	0.0	0.0
BTK	0.0	0.0
BTLA	0.0	0.0
C3AR1	0.0	0.0
APOA5	0.0	0.0
APOC2	0.0	0.0
APOC3	0.0	0.0
APOH	0.0	0.0
APOM	0.0	0.0
ARG1	0.0	0.0
ARHGAP30	0.0	0.0
BAAT	0.0	0.0
ALDOB	0.0	0.0
TNFRSF13C	0.0	0.0
ANGPTL3	0.0	0.0
ANPEP	0.0	0.0
AOAH	0.0	0.0
APOA1	0.0	0.0
APOA4	0.0	0.0
CD86	0.0	0.0
CD8A	0.0	0.0
CD96	0.0	0.0
CFP	0.0	0.0
CIITA	0.0	0.0
NT5E	0.0	0.0
SELP	0.0	0.0
CD3G	0.0	0.0
CD4	0.0	0.0
CD5	0.0	0.0
AMBP	0.0	0.0
A1BG	0.0	0.0
A1CF	0.0	0.0
ABCB11	0.0	0.0
ABCC2	0.0	0.0
ABCG5	0.0	0.0
ABCG8	0.0	0.0
ADH4	0.0	0.0
BECN1	0.0	0.0
CCL7	0.0	0.0
DICER1	0.0	0.0
ETFB	0.0	0.0
MME	0.0	0.0
MMP7	0.0	0.0
MPO	0.0	0.0
PLAU	0.0	0.0
BCL2A1	0.0	0.0
CYP2E1	0.0	0.0
HCK	0.0	0.0
LGALS9	0.0	0.0
TRAF3IP3	0.0	0.0
ASS1	0.0	0.0
C5AR1	0.0	0.0
C8A	0.0	0.0
C8B	0.0	0.0
CARD9	0.0	0.0
CCL13	0.0	0.0
CCL19	0.0	0.0
CCL22	0.0	0.0
CCL3	0.0	0.0
BATF	0.0	0.0
BATF3	0.0	0.0
CYBB	0.0	0.0
PLCG2	0.0	0.0
PPARA	0.0	0.0
S100A9	0.0	0.0
TAC1	0.0	0.0
CD79B	0.0	0.0
RAC2	0.0	0.0
CD44	0.0	0.0
CISH	0.0	0.0
CPS1	0.0	0.0
CTSD	0.0	0.0
FBP1	0.0	0.0
HIST2H2BE	0.0	0.0
HSPA5	0.0	0.0
PTPN6	0.0	0.0
RNASE6	0.0	0.0
SLC27A2	0.0	0.0
SOCS1	0.0	0.0
SQSTM1	0.0	0.0
CD163	0.0	0.0
LSP1	0.0	0.0
AFP	0.0	0.0
APOE	0.0	0.0
CCL26	0.0	0.0
EPO	0.0	0.0
FGFR2	0.0	0.0
IL1R2	0.0	0.0
IL7	0.0	0.0
LMNA	0.0	0.0
RUNX3	0.0	0.0
TNFAIP3	0.0	0.0
RHOG	0.0	0.0
TNFSF10	0.0	0.0
ALOX5AP	0.0	0.0
FTCD	0.0	0.0
MLXIPL	0.0	0.0
STAT4	0.0	0.0
CD58	0.0	0.0
GLI1	0.0	0.0
GNG3	0.0	0.0
HSD17B4	0.0	0.0
IFITM1	0.0	0.0
ITGA2B	0.0	0.0
LGALS3	0.0	0.0
PAG1	0.0	0.0
STAT2	0.0	0.0
MGST1	0.0	0.0
B2M	0.0	0.0
TNFSF13B	0.0	0.0
ACSL1	0.0	0.0
BIRC2	0.0	0.0
CARD11	0.0	0.0
CFB	0.0	0.0
HADHA	0.0	0.0
IL18R1	0.0	0.0
IL23A	0.0	0.0
IL6ST	0.0	0.0
LAMP1	0.0	0.0
PPARG	0.0	0.0
RELA	0.0	0.0
IL1A	0.0	0.0
LIPG	0.0	0.0
TAPBP	0.0	0.0
PLCB1	0.0	0.0
SDC1	0.0	0.0
PDCD1LG2	0.0	0.0
PLCB2	0.0	0.0
TNFRSF1B	0.0	0.0
ATG7	0.0	0.0
CXCL16	0.0	0.0
GNB2	0.0	0.0
GSK3B	0.0	0.0
HBEGF	0.0	0.0
CD72	0.0	0.0
CD74	0.0	0.0
CYP3A5	0.0	0.0
FCN1	0.0	0.0
ALDH18A1	0.0	0.0
HLA-DRA	0.0	0.0
LYZ	0.0	0.0
PC	0.0	0.0
ACAT1	0.0	0.0
APBB1IP	0.0	0.0
CCL15	0.0	0.0
CCL5	0.0	0.0
CD300LF	0.0	0.0
CD52	0.0	0.0
FGF13	0.0	0.0
PRNP	0.0	0.0
GNG12	0.0	0.0
CTSS	0.0	0.0
GPR65	0.0	0.0
ITGB7	0.0	0.0
HADHB	0.0	0.0
BCL2L11	0.0	0.0
CEBPB	0.0	0.0
ERBB2	0.0	0.0
NOTCH3	0.0	0.0
P2RX7	0.0	0.0
GPI	0.0	0.0
IDH2	0.0	0.0
ITGA5	0.0	0.0
LPL	0.0	0.0
MRPS7	0.0	0.0
HLA-B	0.0	0.0
HLA-E	0.0	0.0
ITGA4	0.0	0.0
ACACA	0.0	0.0
FAS	0.0	0.0
ORM2	0.0	0.0
ITGAV	0.0	0.0
UGT2A3	0.0	0.0
AGER	0.0	0.0
CTSK	0.0	0.0
FCGR2A	0.0	0.0
MAPK11	0.0	0.0
ABCB1	0.0	0.0
FLT3LG	0.0	0.0
ABL1	0.0	0.0
FOXO3	0.0	0.0
ITGB8	0.0	0.0
HLA-A	0.0	0.0
IL15	0.0	0.0
MX1	0.0	0.0
MYD88	0.0	0.0
HIST2H2AC	0.0	0.0
